region,component,metric_suffix,metric_title,mean_col,slope,intercept,rvalue,r2,pvalue,stderr,n
C,A_P50,mean_amp_roll_mean,Mean amplitude,A_P50_mean_amp_roll_mean,0.00476519597007912,-0.09843263014829173,0.5740080723844452,0.3294852671625065,2.4677316894613185e-06,0.0009083911923840907,58
C,A_N100,mean_amp_roll_mean,Mean amplitude,A_N100_mean_amp_roll_mean,0.0035112709221822875,-0.7680111560906688,0.6125374026518396,0.37520206964746194,3.2194174491314356e-07,0.0006054907389775536,58
C,A_P200,mean_amp_roll_mean,Mean amplitude,A_P200_mean_amp_roll_mean,-0.0012484575702678025,0.6425641799779332,-0.15750801247701418,0.024808773994459254,0.2376740307665823,0.0010459767107908527,58
C,A_N200,mean_amp_roll_mean,Mean amplitude,A_N200_mean_amp_roll_mean,-0.0025559322872621064,-0.16475020110150046,-0.4515861655360531,0.20393006490355553,0.0003734690448338772,0.0006748236788200288,58
C,A_P300,mean_amp_roll_mean,Mean amplitude,A_P300_mean_amp_roll_mean,-0.0009352598040718289,0.08017544262387806,-0.17346867992017162,0.030091382913246954,0.19283520225684772,0.000709549325138579,58
C,T_P50,mean_amp_roll_mean,Mean amplitude,T_P50_mean_amp_roll_mean,0.0006710771376202783,-0.08315831139343045,0.13724250017263984,0.018835503853637046,0.30426696678955983,0.000647233102797162,58
C,T_N100,mean_amp_roll_mean,Mean amplitude,T_N100_mean_amp_roll_mean,0.0006338428174810465,-0.08240240687569432,0.13496828248217424,0.01821643727618798,0.3124266008463662,0.0006218186118331044,58
C,T_P200,mean_amp_roll_mean,Mean amplitude,T_P200_mean_amp_roll_mean,0.0004885748203722805,-0.18594092811546378,0.07550806885327403,0.005701468461950772,0.5732038160456656,0.0008621882567859402,58
C,T_N200,mean_amp_roll_mean,Mean amplitude,T_N200_mean_amp_roll_mean,0.0011174552871245163,-0.10971106917530604,0.2476164943336471,0.06131392826608509,0.0609249049453523,0.0005842742644800223,58
C,T_P300,mean_amp_roll_mean,Mean amplitude,T_P300_mean_amp_roll_mean,5.4404570842441875e-05,0.11619745261734934,0.009266861139686881,8.587471538223885e-05,0.9449582213413829,0.0007844948045136236,58
C,A_P50,peak_amp_roll_mean,Peak amplitude,A_P50_peak_amp_roll_mean,0.0056214714313282885,0.4082283574388452,0.5974363863012538,0.356930235676701,7.38307489019381e-07,0.0010083083653239131,58
C,A_N100,peak_amp_roll_mean,Peak amplitude,A_N100_peak_amp_roll_mean,0.0019046705034819905,-1.4996076664257636,0.3948890347271757,0.15593734974776055,0.00215756566364403,0.0005921586938982915,58
C,A_P200,peak_amp_roll_mean,Peak amplitude,A_P200_peak_amp_roll_mean,0.0013487694240081815,1.3110874053515862,0.14338493719944242,0.020559240215688047,0.28292300313163493,0.0012440254205701206,58
C,A_N200,peak_amp_roll_mean,Peak amplitude,A_N200_peak_amp_roll_mean,-0.003633204952974734,-0.866147219628133,-0.6355176846754902,0.4038827275352958,8.348773900447434e-08,0.0005898398312497781,58
C,A_P300,peak_amp_roll_mean,Peak amplitude,A_P300_peak_amp_roll_mean,8.362024790304355e-05,1.2729396525268082,0.011169786938247718,0.00012476414024584933,0.933678736142226,0.0010003349768887414,58
C,T_P50,peak_amp_roll_mean,Peak amplitude,T_P50_peak_amp_roll_mean,0.0018238821354998342,0.4091442097045356,0.31188339458629866,0.09727125181867287,0.017157832155474416,0.0007424874889693317,58
C,T_N100,peak_amp_roll_mean,Peak amplitude,T_N100_peak_amp_roll_mean,-0.0019054442688939176,-0.7561191555618889,-0.34171934005666366,0.11677210736876173,0.008655962719799855,0.0007002757161087013,58
C,T_P200,peak_amp_roll_mean,Peak amplitude,T_P200_peak_amp_roll_mean,0.0022732819419675598,0.5174419226008168,0.322990142489605,0.10432263214545534,0.013400401799371825,0.0008901143872978092,58
C,T_N200,peak_amp_roll_mean,Peak amplitude,T_N200_peak_amp_roll_mean,-0.0005303121415326385,-0.8095993504796699,-0.09366253188694205,0.008772669879472438,0.48434939148439404,0.0007532832271920007,58
C,T_P300,peak_amp_roll_mean,Peak amplitude,T_P300_peak_amp_roll_mean,0.0035729772848939263,1.0562728827557144,0.5029044211837121,0.2529128568461245,5.740110614857701e-05,0.0008206092712607765,58
C,A_P50,peak_lat_ms_roll_mean,Peak latency,A_P50_peak_lat_ms_roll_mean,-0.002988240710631062,33.37364211137868,-0.04862419304056761,0.0023643121488463835,0.7170052143775612,0.008202668225916174,58
C,A_N100,peak_lat_ms_roll_mean,Peak latency,A_N100_peak_lat_ms_roll_mean,0.01567264782475391,97.04594129183762,0.156579458600677,0.024517126855681127,0.24048646790053005,0.013210626029522322,58
C,A_P200,peak_lat_ms_roll_mean,Peak latency,A_P200_peak_lat_ms_roll_mean,-0.006865753628909649,184.2096556396226,-0.07191078298898333,0.005171160710088655,0.591661597248777,0.012725485704331812,58
C,A_N200,peak_lat_ms_roll_mean,Peak latency,A_N200_peak_lat_ms_roll_mean,0.03078789124696596,314.7250425073069,0.20919945933140893,0.04376441378455382,0.11501945129638869,0.019231263722403347,58
C,A_P300,peak_lat_ms_roll_mean,Peak latency,A_P300_peak_lat_ms_roll_mean,-0.03068728189800429,234.70000920380048,-0.17925426275362827,0.032132090715346805,0.17818120480407124,0.022506240864776456,58
C,T_P50,peak_lat_ms_roll_mean,Peak latency,T_P50_peak_lat_ms_roll_mean,-0.016453204716936284,569.0440025468223,-0.15671327439794527,0.02455905037252569,0.2400797611807674,0.013856424978414272,58
C,T_N100,peak_lat_ms_roll_mean,Peak latency,T_N100_peak_lat_ms_roll_mean,-0.027168338792140076,620.2290345794656,-0.20117755322173078,0.040472407920282324,0.1299499235209308,0.01767739567346482,58
C,T_P200,peak_lat_ms_roll_mean,Peak latency,T_P200_peak_lat_ms_roll_mean,0.02270767310713005,687.413290953128,0.20730768333524127,0.042976475569824674,0.11841620025985881,0.014319390353194105,58
C,T_N200,peak_lat_ms_roll_mean,Peak latency,T_N200_peak_lat_ms_roll_mean,-0.02855922727991965,632.2935450575166,-0.2711905748390318,0.07354432788152451,0.03948195857615978,0.013545348081360622,58
C,T_P300,peak_lat_ms_roll_mean,Peak latency,T_P300_peak_lat_ms_roll_mean,-0.03645396183328,883.8586002488871,-0.14294529419817845,0.020433357133403787,0.28441703658330264,0.0337285640504282,58
CP,A_P50,mean_amp_roll_mean,Mean amplitude,A_P50_mean_amp_roll_mean,0.0035767169499418302,-0.07489039223095234,0.5487799683049877,0.30115945361282326,8.187343051302866e-06,0.0007280837804149816,58
CP,A_N100,mean_amp_roll_mean,Mean amplitude,A_N100_mean_amp_roll_mean,0.0024271990248147714,-0.6400603063520381,0.5426450424235663,0.29446364206687403,1.0801990148426934e-05,0.0005020595531523825,58
CP,A_P200,mean_amp_roll_mean,Mean amplitude,A_P200_mean_amp_roll_mean,0.0006517030697686972,0.6020937320698209,0.10721919584779065,0.011495955958246887,0.42307676936022276,0.0008075555992988902,58
CP,A_N200,mean_amp_roll_mean,Mean amplitude,A_N200_mean_amp_roll_mean,0.0006419454605274351,-0.2192685373305728,0.16960043627398286,0.02876430798432532,0.2031015128968464,0.0004984705104386594,58
CP,A_P300,mean_amp_roll_mean,Mean amplitude,A_P300_mean_amp_roll_mean,-2.4369778660108613e-05,0.08748415704162542,-0.005979932306708967,3.575959039282162e-05,0.9644653636095588,0.0005445697812195495,58
CP,T_P50,mean_amp_roll_mean,Mean amplitude,T_P50_mean_amp_roll_mean,0.00038283711471395613,-0.07448814620695786,0.08996175424690413,0.008093117227180372,0.5018526263859826,0.0005663664999396744,58
CP,T_N100,mean_amp_roll_mean,Mean amplitude,T_N100_mean_amp_roll_mean,0.0006431645276280914,-0.09820334452724282,0.1734006564549609,0.03006778765901137,0.1930124696434993,0.00048814407744665145,58
CP,T_P200,mean_amp_roll_mean,Mean amplitude,T_P200_mean_amp_roll_mean,0.000475725540358174,-0.17238053436215373,0.10565162485281424,0.011162265834039795,0.4299273289695924,0.0005983410364273685,58
CP,T_N200,mean_amp_roll_mean,Mean amplitude,T_N200_mean_amp_roll_mean,0.0010763687222370036,-0.11982317387471386,0.3003016027151686,0.09018105259329895,0.021998914065092166,0.0004568639541242933,58
CP,T_P300,mean_amp_roll_mean,Mean amplitude,T_P300_mean_amp_roll_mean,0.00025877105265276234,0.1011876214459872,0.04785897713928265,0.0022904816928183795,0.7212764921535253,0.0007217060139276174,58
CP,A_P50,peak_amp_roll_mean,Peak amplitude,A_P50_peak_amp_roll_mean,0.004455670533121264,0.3726719321525832,0.6303500763608135,0.3973412187680834,1.1418512223994628e-07,0.0007332853211308233,58
CP,A_N100,peak_amp_roll_mean,Peak amplitude,A_N100_peak_amp_roll_mean,0.00144430040350944,-1.2864803305312023,0.33778412427205,0.11409811461023572,0.009508897882464978,0.0005377954183632456,58
CP,A_P200,peak_amp_roll_mean,Peak amplitude,A_P200_peak_amp_roll_mean,0.0024924999653561275,1.195790033483074,0.3509723173658019,0.12318156755712119,0.00690780241666748,0.000888634396856079,58
CP,A_N200,peak_amp_roll_mean,Peak amplitude,A_N200_peak_amp_roll_mean,-0.0006099576121427909,-0.8015231872387066,-0.15605941704440374,0.024354541648239133,0.2420715142778396,0.0005158954236665033,58
CP,A_P300,peak_amp_roll_mean,Peak amplitude,A_P300_peak_amp_roll_mean,0.0015122393734809522,1.1274304798005852,0.28212051386390485,0.07959198434283372,0.03190593448501473,0.0006871982704467303,58
CP,T_P50,peak_amp_roll_mean,Peak amplitude,T_P50_peak_amp_roll_mean,0.0007444948270841694,0.3914860509429206,0.14164142810630345,0.02006229415599313,0.2888784445580985,0.0006953070108790036,58
CP,T_N100,peak_amp_roll_mean,Peak amplitude,T_N100_peak_amp_roll_mean,-0.0005659906380734392,-0.7119091732303974,-0.14292886030028915,0.02042865910673957,0.28447298421858763,0.0005237370995419653,58
CP,T_P200,peak_amp_roll_mean,Peak amplitude,T_P200_peak_amp_roll_mean,0.0014311507066524975,0.454803531879136,0.26847378694091734,0.07207817427439707,0.04157963524782964,0.0006861912282153425,58
CP,T_N200,peak_amp_roll_mean,Peak amplitude,T_N200_peak_amp_roll_mean,0.0002674895813486149,-0.7456135985125173,0.0718815972357069,0.005166964021156386,0.591812430434564,0.0004959869366405953,58
CP,T_P300,peak_amp_roll_mean,Peak amplitude,T_P300_peak_amp_roll_mean,0.0017690323584896056,0.9477663910673662,0.30176458250684934,0.09106186325553309,0.021329866231353755,0.0007468625104414483,58
CP,A_P50,peak_lat_ms_roll_mean,Peak latency,A_P50_peak_lat_ms_roll_mean,0.007041223962643819,32.80850270950608,0.15641753839587663,0.02446644631782554,0.24097922355190135,0.005941413841694074,58
CP,A_N100,peak_lat_ms_roll_mean,Peak latency,A_N100_peak_lat_ms_roll_mean,0.027809186967516164,95.52148745622091,0.3417142006557808,0.11676859492981921,0.008657031765128281,0.010220414341461655,58
CP,A_P200,peak_lat_ms_roll_mean,Peak latency,A_P200_peak_lat_ms_roll_mean,0.0024055647654595185,183.51049171075093,0.02715831905292513,0.0007375742937804761,0.8396302909443201,0.011832048280052205,58
CP,A_N200,peak_lat_ms_roll_mean,Peak latency,A_N200_peak_lat_ms_roll_mean,-0.010248802590442623,318.21548598858703,-0.07467374790310544,0.005576168625896543,0.5774610003043272,0.018289293399686282,58
CP,A_P300,peak_lat_ms_roll_mean,Peak latency,A_P300_peak_lat_ms_roll_mean,0.0006770866138656275,234.25011804957427,0.0038519862402910336,1.4837797995391451e-05,0.9771059779101843,0.023488877619762843,58
CP,T_P50,peak_lat_ms_roll_mean,Peak latency,T_P50_peak_lat_ms_roll_mean,-0.012565678545917397,568.9828935726347,-0.16560511428768054,0.027425053878235735,0.21410550468859932,0.009999533187330684,58
CP,T_N100,peak_lat_ms_roll_mean,Peak latency,T_N100_peak_lat_ms_roll_mean,-0.028149637560685198,620.5331713963398,-0.29306540795529806,0.08588733334000528,0.025575102001485363,0.012271964718513963,58
CP,T_P200,peak_lat_ms_roll_mean,Peak latency,T_P200_peak_lat_ms_roll_mean,-0.014616964892994999,689.4416631633634,-0.14442097662208636,0.020857418488477216,0.2794227407422122,0.013383074074904085,58
CP,T_N200,peak_lat_ms_roll_mean,Peak latency,T_N200_peak_lat_ms_roll_mean,-0.005006626370133244,631.4728307304522,-0.050752187704961316,0.0025757845568396267,0.7051727325829698,0.013165469622990388,58
CP,T_P300,peak_lat_ms_roll_mean,Peak latency,T_P300_peak_lat_ms_roll_mean,-0.080912804000063,887.0960946613013,-0.37594026504958195,0.14133108288554994,0.0036345162367509057,0.02665123053912906,58
F,A_P50,mean_amp_roll_mean,Mean amplitude,A_P50_mean_amp_roll_mean,0.0018500313941096295,-0.03979142382059246,0.22743735070316906,0.05172774849487632,0.08598158000588496,0.0010584974547366652,58
F,A_N100,mean_amp_roll_mean,Mean amplitude,A_N100_mean_amp_roll_mean,0.0004674271857386572,-0.1937835031448127,0.07520035545841831,0.005655093461072465,0.5747722598986043,0.0008282636221703608,58
F,A_P200,mean_amp_roll_mean,Mean amplitude,A_P200_mean_amp_roll_mean,-0.001905666322817818,0.050706660234544704,-0.2725576107553293,0.0742876511806536,0.03845996578158609,0.0008989438398044759,58
F,A_N200,mean_amp_roll_mean,Mean amplitude,A_N200_mean_amp_roll_mean,-0.0035780763573813566,0.05898552920145292,-0.48007357744351387,0.2304706397594135,0.00013698765586381728,0.0008736960742296083,58
F,A_P300,mean_amp_roll_mean,Mean amplitude,A_P300_mean_amp_roll_mean,-0.0012719370585947307,-0.022630856676731544,-0.23604789157026712,0.05571860711476859,0.07444714623599402,0.0006997166332528402,58
F,T_P50,mean_amp_roll_mean,Mean amplitude,T_P50_mean_amp_roll_mean,9.118346621928725e-06,0.004697790999700614,0.002159973309376576,4.665484697219197e-06,0.987161168103742,0.0005641215442179297,58
F,T_N100,mean_amp_roll_mean,Mean amplitude,T_N100_mean_amp_roll_mean,-0.0004176946408796622,0.019553781183635578,-0.06769696269055177,0.004582878757525958,0.6136140516120456,0.0008226180960271158,58
F,T_P200,mean_amp_roll_mean,Mean amplitude,T_P200_mean_amp_roll_mean,0.0017719235013032109,-0.180107514670625,0.32851436727767036,0.1079216895078481,0.011811306555492427,0.0006807663445859533,58
F,T_N200,mean_amp_roll_mean,Mean amplitude,T_N200_mean_amp_roll_mean,4.122423962979499e-06,-0.0009118965831141118,0.0007055958303719306,4.978654758382542e-07,0.9958057972266376,0.0007807329822155287,58
F,T_P300,mean_amp_roll_mean,Mean amplitude,T_P300_mean_amp_roll_mean,-0.00014371154528276686,-0.026457339661699563,-0.023574440195115034,0.0005557542305130554,0.8605660647211864,0.0008143958333244835,58
F,A_P50,peak_amp_roll_mean,Peak amplitude,A_P50_peak_amp_roll_mean,0.002827340356798536,0.5040019832359213,0.35672380776989515,0.1272518750298531,0.005984088698493152,0.000989455907577943,58
F,A_N100,peak_amp_roll_mean,Peak amplitude,A_N100_peak_amp_roll_mean,-0.0003785373469803309,-0.9824439328484578,-0.07078135131285797,0.005009999693674221,0.597511030928639,0.0007128616128956642,58
F,A_P200,peak_amp_roll_mean,Peak amplitude,A_P200_peak_amp_roll_mean,-3.308172802368149e-05,0.7818288437192898,-0.004408949007904805,1.9438831354304763e-05,0.9737967919803063,0.0010026627395880278,58
F,A_N200,peak_amp_roll_mean,Peak amplitude,A_N200_peak_amp_roll_mean,-0.004137654576895724,-0.703675805340165,-0.5442647650509626,0.29622413447597945,1.0045144011521906e-05,0.0008522503404453422,58
F,A_P300,peak_amp_roll_mean,Peak amplitude,A_P300_peak_amp_roll_mean,0.000854092054926642,1.03892454569655,0.13062086781173263,0.017061811107890127,0.3284111405299738,0.0008662858245631097,58
F,T_P50,peak_amp_roll_mean,Peak amplitude,T_P50_peak_amp_roll_mean,0.0009464803266653326,0.5474168307293837,0.18431744488521204,0.03397292048901318,0.16603348245074587,0.0006744438311601829,58
F,T_N100,peak_amp_roll_mean,Peak amplitude,T_N100_peak_amp_roll_mean,-0.0031806790249336017,-0.6713231175263218,-0.4847921408029554,0.23502341978431254,0.00011502167341551753,0.0007668215872628425,58
F,T_P200,peak_amp_roll_mean,Peak amplitude,T_P200_peak_amp_roll_mean,0.0037964887638988905,0.5494284526075734,0.573206297359359,0.3285654593324259,2.56755648664389e-06,0.000725235395382331,58
F,T_N200,peak_amp_roll_mean,Peak amplitude,T_N200_peak_amp_roll_mean,-0.0016661834497910329,-0.7261419339408923,-0.31866850241315703,0.10154961443024427,0.014768562066858074,0.0006622724865771332,58
F,T_P300,peak_amp_roll_mean,Peak amplitude,T_P300_peak_amp_roll_mean,0.0021635649416093744,0.9898135078676892,0.2918402287477546,0.08517071911554173,0.02622657132024311,0.0009475470705099166,58
F,A_P50,peak_lat_ms_roll_mean,Peak latency,A_P50_peak_lat_ms_roll_mean,-0.023660362582132267,33.78659342260287,-0.26489507302714993,0.0701693997140591,0.04448208459433786,0.011509472479299782,58
F,A_N100,peak_lat_ms_roll_mean,Peak latency,A_N100_peak_lat_ms_roll_mean,0.013512646162210366,95.48475169284623,0.11272544639301947,0.012707026264505506,0.39951199375452406,0.015916495487695075,58
F,A_P200,peak_lat_ms_roll_mean,Peak latency,A_P200_peak_lat_ms_roll_mean,0.0004510731948710689,185.3786418638892,0.0038943265892560524,1.5165779583786678e-05,0.9768543991987372,0.015478089130117887,58
F,A_N200,peak_lat_ms_roll_mean,Peak latency,A_N200_peak_lat_ms_roll_mean,0.009364775419945005,316.1484192320125,0.0768326200207364,0.005903251499250865,0.5664751073279648,0.016239476943852704,58
F,A_P300,peak_lat_ms_roll_mean,Peak latency,A_P300_peak_lat_ms_roll_mean,-0.03923049377168781,247.21999107878307,-0.18947519215563763,0.035900848442415804,0.1542935836419191,0.02716678558202322,58
F,T_P50,peak_lat_ms_roll_mean,Peak latency,T_P50_peak_lat_ms_roll_mean,-0.03607679598006321,569.581854404513,-0.44760866615154415,0.2003535180139645,0.00042667911419193397,0.009631290361686968,58
F,T_N100,peak_lat_ms_roll_mean,Peak latency,T_N100_peak_lat_ms_roll_mean,-0.030598593088018735,619.876645328101,-0.3056179299660763,0.09340231911674951,0.019649630450223193,0.01273901698986579,58
F,T_P200,peak_lat_ms_roll_mean,Peak latency,T_P200_peak_lat_ms_roll_mean,-0.004131658809257721,688.371934022117,-0.036291955598733584,0.0013171060411804499,0.7868035474225806,0.015203160193710904,58
F,T_N200,peak_lat_ms_roll_mean,Peak latency,T_N200_peak_lat_ms_roll_mean,-0.05480586999839427,632.8944255729915,-0.4779938906375269,0.22847815948680003,0.00014783791637958018,0.013458133413797037,58
F,T_P300,peak_lat_ms_roll_mean,Peak latency,T_P300_peak_lat_ms_roll_mean,-0.010035663353542595,884.9629385293548,-0.04777498691604575,0.0022824493748283426,0.7217458266027995,0.028038533831653036,58
FC,A_P50,mean_amp_roll_mean,Mean amplitude,A_P50_mean_amp_roll_mean,0.004683501564025234,-0.10137225934053529,0.5768533547042203,0.332759792833513,2.1419654306466768e-06,0.0008862420200996179,58
FC,A_N100,mean_amp_roll_mean,Mean amplitude,A_N100_mean_amp_roll_mean,0.0034125999504953865,-0.6118263733388776,0.5411331097845078,0.29282504250505215,1.1555927130889946e-05,0.0007086808471485094,58
FC,A_P200,mean_amp_roll_mean,Mean amplitude,A_P200_mean_amp_roll_mean,-0.0007830556128955252,0.3795264676676877,-0.1023200761942944,0.010469397992406211,0.4446929908762641,0.0010173077507529258,58
FC,A_N200,mean_amp_roll_mean,Mean amplitude,A_N200_mean_amp_roll_mean,-0.003663555976920407,-0.04174850582624602,-0.512717478910753,0.2628792131805985,3.873777135293902e-05,0.0008197851071358732,58
FC,A_P300,mean_amp_roll_mean,Mean amplitude,A_P300_mean_amp_roll_mean,-0.0005813175009456792,0.0270336175605095,-0.10630536969582828,0.011300831626166725,0.4270627621472045,0.0007266014607771652,58
FC,T_P50,mean_amp_roll_mean,Mean amplitude,T_P50_mean_amp_roll_mean,-0.000526813197045427,0.006018708546137806,-0.10058092856478378,0.010116523190954137,0.4525114145288831,0.000696368357922219,58
FC,T_N100,mean_amp_roll_mean,Mean amplitude,T_N100_mean_amp_roll_mean,-0.00045702851383473296,-0.005497216830592096,-0.08374549678259602,0.0070133082313638,0.5319695566398743,0.0007267073182078087,58
FC,T_P200,mean_amp_roll_mean,Mean amplitude,T_P200_mean_amp_roll_mean,0.0013774475352737495,-0.19072402361514718,0.23138083005928006,0.05353708851892144,0.08053588431957075,0.0007739367655306828,58
FC,T_N200,mean_amp_roll_mean,Mean amplitude,T_N200_mean_amp_roll_mean,0.0002716549452972582,-0.039635222872461934,0.05162654567635171,0.002665300218472429,0.7003308132155295,0.0007022164505299789,58
FC,T_P300,mean_amp_roll_mean,Mean amplitude,T_P300_mean_amp_roll_mean,0.00036275630932061897,0.04976888446664253,0.05767011225915568,0.003325841847983618,0.6671957952100341,0.0008391638435050353,58
FC,A_P50,peak_amp_roll_mean,Peak amplitude,A_P50_peak_amp_roll_mean,0.005347789766113843,0.42638625557507626,0.6101259232059271,0.3722536421678848,3.6863801058087966e-07,0.0009280105966412912,58
FC,A_N100,peak_amp_roll_mean,Peak amplitude,A_N100_peak_amp_roll_mean,0.0023755614534424225,-1.374977848532425,0.47461184265653794,0.22525640118983434,0.00016717469122746765,0.0005887252785209925,58
FC,A_P200,peak_amp_roll_mean,Peak amplitude,A_P200_peak_amp_roll_mean,0.0012497747290179785,1.078971686201163,0.13105357039197407,0.017175038312484105,0.3267974597437163,0.0012633595193693018,58
FC,A_N200,peak_amp_roll_mean,Peak amplitude,A_N200_peak_amp_roll_mean,-0.0036149667063685637,-0.8098087897795831,-0.5662813688299458,0.3206745886839172,3.6007517921953613e-06,0.0007030997529668709,58
FC,A_P300,peak_amp_roll_mean,Peak amplitude,A_P300_peak_amp_roll_mean,0.0008507624764303047,1.1590034262480127,0.11054478115911612,0.012220148641516874,0.4087511230759604,0.0010221300361358437,58
FC,T_P50,peak_amp_roll_mean,Peak amplitude,T_P50_peak_amp_roll_mean,0.000762339623203536,0.5024595700297385,0.12007719089663904,0.014418531773627894,0.3692772519477754,0.000842248458308778,58
FC,T_N100,peak_amp_roll_mean,Peak amplitude,T_N100_peak_amp_roll_mean,-0.004042251602568497,-0.6635515481081534,-0.5808350539472154,0.3373693598938646,1.7530399945980224e-06,0.0007570285644165622,58
FC,T_P200,peak_amp_roll_mean,Peak amplitude,T_P200_peak_amp_roll_mean,0.0033410437062728325,0.528022969781837,0.48104375002456073,0.23140308943769208,0.00013217993473280647,0.0008136785815848065,58
FC,T_N200,peak_amp_roll_mean,Peak amplitude,T_N200_peak_amp_roll_mean,-0.0020907053517295977,-0.7346175912589005,-0.3511851844555108,0.12333103378105113,0.006871514168621533,0.0007448699395944269,58
FC,T_P300,peak_amp_roll_mean,Peak amplitude,T_P300_peak_amp_roll_mean,0.003739384591499217,1.0051136294453789,0.4474437589122118,0.2002059173894895,0.0004290269329634966,0.0009987499237712188,58
FC,A_P50,peak_lat_ms_roll_mean,Peak latency,A_P50_peak_lat_ms_roll_mean,0.008662894085007967,32.76893033467655,0.12661900745594262,0.016032373049128055,0.3435728927366759,0.00906902275025349,58
FC,A_N100,peak_lat_ms_roll_mean,Peak latency,A_N100_peak_lat_ms_roll_mean,0.020269684475654363,96.21139413293425,0.15699225542488973,0.024646568263393818,0.23923337063959085,0.017039457132358885,58
FC,A_P200,peak_lat_ms_roll_mean,Peak latency,A_P200_peak_lat_ms_roll_mean,0.003054757318120009,184.89366474888274,0.02754986205384411,0.0007589948991858396,0.8373494368677318,0.014811477922050276,58
FC,A_N200,peak_lat_ms_roll_mean,Peak latency,A_N200_peak_lat_ms_roll_mean,0.024740601824183077,314.5135413908732,0.16976675722627116,0.02882075185912369,0.2026522849083539,0.01919169310269323,58
FC,A_P300,peak_lat_ms_roll_mean,Peak latency,A_P300_peak_lat_ms_roll_mean,-0.05545482414027469,239.3945420357037,-0.2589752814531048,0.06706819640371484,0.049646935309295606,0.02763833995188716,58
FC,T_P50,peak_lat_ms_roll_mean,Peak latency,T_P50_peak_lat_ms_roll_mean,-0.012847718498100848,568.8558621106207,-0.1347446911885363,0.01815613180349401,0.31323632287788383,0.012625295494616155,58
FC,T_N100,peak_lat_ms_roll_mean,Peak latency,T_N100_peak_lat_ms_roll_mean,-0.04251412543815745,621.1344495809951,-0.338595760018868,0.11464708870275483,0.00932724552261802,0.01578759331316514,58
FC,T_P200,peak_lat_ms_roll_mean,Peak latency,T_P200_peak_lat_ms_roll_mean,0.0010721332755476807,688.0393667197839,0.008286670028092788,6.866890015449132e-05,0.9507725808937628,0.017288599123424682,58
FC,T_N200,peak_lat_ms_roll_mean,Peak latency,T_N200_peak_lat_ms_roll_mean,-0.04530281632632216,632.9017738700383,-0.3627699424135613,0.13160203111873858,0.005131551757939115,0.015551034735475526,58
FC,T_P300,peak_lat_ms_roll_mean,Peak latency,T_P300_peak_lat_ms_roll_mean,0.007570734303981155,883.4479109791391,0.02569147234653978,0.0006600517513330182,0.8481866158213953,0.0393651238110233,58
P,A_P50,mean_amp_roll_mean,Mean amplitude,A_P50_mean_amp_roll_mean,0.0015391684125222608,-0.031049543689169064,0.3122821474297018,0.097520139603306,0.017008817057533564,0.0006256965075209756,58
P,A_N100,mean_amp_roll_mean,Mean amplitude,A_N100_mean_amp_roll_mean,0.001373020195593225,-0.48110837278157537,0.25886907511875856,0.06701319805284146,0.04974388328329412,0.0006846056670258416,58
P,A_P200,mean_amp_roll_mean,Mean amplitude,A_P200_mean_amp_roll_mean,0.0015047812067838222,0.5276880130305227,0.23400729852886468,0.05475941576477719,0.07706271519171307,0.0008354512673554793,58
P,A_N200,mean_amp_roll_mean,Mean amplitude,A_N200_mean_amp_roll_mean,0.0036582893325172693,-0.2094864402541769,0.6528491178548054,0.42621197068379757,2.796178783142004e-08,0.0005672140205204998,58
P,A_P300,mean_amp_roll_mean,Mean amplitude,A_P300_mean_amp_roll_mean,0.0006083208502829138,0.12031093318649554,0.1458322191580682,0.021267036144566837,0.27470112597899143,0.0005514641845520165,58
P,T_P50,mean_amp_roll_mean,Mean amplitude,T_P50_mean_amp_roll_mean,0.0009834746436757208,-0.07250007628208457,0.20503229085614988,0.042038240293720844,0.12260251106705623,0.000627365996608751,58
P,T_N100,mean_amp_roll_mean,Mean amplitude,T_N100_mean_amp_roll_mean,0.001005997021921716,-0.10309912819078343,0.24757893547350543,0.06129532929019416,0.06096536011584612,0.0005260820449787945,58
P,T_P200,mean_amp_roll_mean,Mean amplitude,T_P200_mean_amp_roll_mean,0.0010218135995273502,-0.06261858579968999,0.21309797619722223,0.04541074745935189,0.10825523617440941,0.0006260465260939591,58
P,T_N200,mean_amp_roll_mean,Mean amplitude,T_N200_mean_amp_roll_mean,0.0009338060717817877,-0.09738879024509736,0.22878562023573115,0.052342860026648196,0.08408806131420654,0.0005309572741602485,58
P,T_P300,mean_amp_roll_mean,Mean amplitude,T_P300_mean_amp_roll_mean,0.0007204276763078187,0.07292178807187732,0.17907910011340203,0.03206932409742587,0.1786126758102297,0.0005289000384702944,58
P,A_P50,peak_amp_roll_mean,Peak amplitude,A_P50_peak_amp_roll_mean,0.0024578886023160183,0.41364317128516676,0.4213053181751891,0.17749817112269733,0.0009895681366809761,0.0007070329878422616,58
P,A_N100,peak_amp_roll_mean,Peak amplitude,A_N100_peak_amp_roll_mean,0.00023969395459402568,-1.1075856478602715,0.039318720680398996,0.0015459617959432356,0.7694936476786073,0.0008140062274144419,58
P,A_P200,peak_amp_roll_mean,Peak amplitude,A_P200_peak_amp_roll_mean,0.0029249848698099205,1.1254713553943394,0.4194394564015017,0.17592945758638726,0.0010477652677510928,0.0008459457707585302,58
P,A_N200,peak_amp_roll_mean,Peak amplitude,A_N200_peak_amp_roll_mean,0.0023803668534774073,-0.8068682491422955,0.4604279883108438,0.21199393241997053,0.0002761297672419499,0.0006132717305909175,58
P,A_P300,peak_amp_roll_mean,Peak amplitude,A_P300_peak_amp_roll_mean,0.002710446496014096,1.077093215006732,0.5131452671257464,0.2633180651735536,3.8068839540214666e-05,0.0006058240467742324,58
P,T_P50,peak_amp_roll_mean,Peak amplitude,T_P50_peak_amp_roll_mean,0.0013336615623408467,0.39278622199492935,0.25016728911248903,0.06258367254189168,0.05822763521623579,0.0006897430852692327,58
P,T_N100,peak_amp_roll_mean,Peak amplitude,T_N100_peak_amp_roll_mean,-0.00046301174574138427,-0.7047985997943091,-0.09865568957026684,0.009732945084584856,0.461253819791125,0.0006240968977341861,58
P,T_P200,peak_amp_roll_mean,Peak amplitude,T_P200_peak_amp_roll_mean,0.0018510912897113888,0.5336446241629422,0.3236621687768085,0.10475719949730726,0.013197757749859998,0.0007231232119245349,58
P,T_N200,peak_amp_roll_mean,Peak amplitude,T_N200_peak_amp_roll_mean,-0.0004415697642544855,-0.6939007101585528,-0.08793242155908237,0.007732110761244175,0.5115869652175677,0.0006684528050115363,58
P,T_P300,peak_amp_roll_mean,Peak amplitude,T_P300_peak_amp_roll_mean,0.002363150342880149,0.8773732216985928,0.5503143268691599,0.3028458583574566,7.632519666314621e-06,0.0004791273089860179,58
P,A_P50,peak_lat_ms_roll_mean,Peak latency,A_P50_peak_lat_ms_roll_mean,0.012018048985335945,32.37595450902607,0.22716457475600116,0.05160374402407484,0.08636871338585135,0.006884846558126157,58
P,A_N100,peak_lat_ms_roll_mean,Peak latency,A_N100_peak_lat_ms_roll_mean,0.02830174363802551,94.3716849553292,0.2945999729709909,0.08678914407450856,0.024778382961969894,0.012267950341426737,58
P,A_P200,peak_lat_ms_roll_mean,Peak latency,A_P200_peak_lat_ms_roll_mean,0.014439825683803222,182.59730404098718,0.14155685934099532,0.020038344426486335,0.2891693871612099,0.013494026533943491,58
P,A_N200,peak_lat_ms_roll_mean,Peak latency,A_N200_peak_lat_ms_roll_mean,-0.021072175159553053,320.7106598296405,-0.16039871100521808,0.025727746492135467,0.22906361491816965,0.017328247702221942,58
P,A_P300,peak_lat_ms_roll_mean,Peak latency,A_P300_peak_lat_ms_roll_mean,0.009807265826752995,240.83163834712803,0.05038064734794848,0.0025382096271983484,0.7072337422285624,0.025979950791721246,58
P,T_P50,peak_lat_ms_roll_mean,Peak latency,T_P50_peak_lat_ms_roll_mean,0.016035509031198485,567.9039665435139,0.19275116621836416,0.03715301207853945,0.14716262849048967,0.010908633751476608,58
P,T_N100,peak_lat_ms_roll_mean,Peak latency,T_N100_peak_lat_ms_roll_mean,0.00013517891199333948,618.9244324362467,0.0010394114569889862,1.0803761769199672e-06,0.9938215627516711,0.017379096670918838,58
P,T_P200,peak_lat_ms_roll_mean,Peak latency,T_P200_peak_lat_ms_roll_mean,0.014832488237689435,689.2364560915091,0.12709515700596521,0.01615317893437095,0.3417464695455976,0.015468732898955038,58
P,T_N200,peak_lat_ms_roll_mean,Peak latency,T_N200_peak_lat_ms_roll_mean,0.018350716111216466,629.426945579585,0.17012240747368965,0.028941633524644093,0.20169404824026269,0.014204310276706994,58
P,T_P300,peak_lat_ms_roll_mean,Peak latency,T_P300_peak_lat_ms_roll_mean,-0.03293644919209183,887.6214862180105,-0.17374220880973343,0.030186355122085014,0.19212356805914177,0.02494718629154122,58
PO,A_P50,mean_amp_roll_mean,Mean amplitude,A_P50_mean_amp_roll_mean,0.0007085481448894805,0.029850963451203284,0.11430531747584757,0.013065705603254305,0.3928953661212584,0.0008229113222594139,58
PO,A_N100,mean_amp_roll_mean,Mean amplitude,A_N100_mean_amp_roll_mean,-0.0005138620440680519,-0.2738061256335127,-0.09817197961078365,0.00963773758070012,0.4634646611247707,0.0006960845905416846,58
PO,A_P200,mean_amp_roll_mean,Mean amplitude,A_P200_mean_amp_roll_mean,-0.0016163746970669995,0.39305011310325233,-0.2644493492864686,0.06993345833803669,0.044854951220240816,0.0007877030693710821,58
PO,A_N200,mean_amp_roll_mean,Mean amplitude,A_N200_mean_amp_roll_mean,0.0011299732779904926,-0.058389117096400156,0.22372485747916784,0.05005281185407397,0.0913688946414028,0.0006578239034248943,58
PO,A_P300,mean_amp_roll_mean,Mean amplitude,A_P300_mean_amp_roll_mean,0.0005001784618997544,0.13505191722513354,0.14191585451114794,0.020140109761629308,0.28793565543471594,0.0004662104961990755,58
PO,T_P50,mean_amp_roll_mean,Mean amplitude,T_P50_mean_amp_roll_mean,-0.00031039383614190106,0.00015489393779274767,-0.06562505924291291,0.004306648400635829,0.6245344637365751,0.0006306845179207903,58
PO,T_N100,mean_amp_roll_mean,Mean amplitude,T_N100_mean_amp_roll_mean,0.00280205516849015,-0.13828301611194893,0.41218833032369606,0.16989921965503638,0.001304310099633757,0.0008276608013237964,58
PO,T_P200,mean_amp_roll_mean,Mean amplitude,T_P200_mean_amp_roll_mean,-0.0009311431203226756,0.052000871028187894,-0.12946071004512524,0.016760075445387993,0.33276248590275037,0.0009530467246106612,58
PO,T_N200,mean_amp_roll_mean,Mean amplitude,T_N200_mean_amp_roll_mean,0.0027817356197503054,-0.13838609802523671,0.380101624098683,0.1444772446424565,0.0032496280491269725,0.0009045610756638825,58
PO,T_P300,mean_amp_roll_mean,Mean amplitude,T_P300_mean_amp_roll_mean,4.1903838619648946e-05,0.12604933737593574,0.0077964117413302485,6.078403604035216e-05,0.9536817018118607,0.0007182106299857287,58
PO,A_P50,peak_amp_roll_mean,Peak amplitude,A_P50_peak_amp_roll_mean,0.002258870439189279,0.453229914486188,0.36139427567968063,0.130605822494041,0.0053155277211715405,0.0007787972385627294,58
PO,A_N100,peak_amp_roll_mean,Peak amplitude,A_N100_peak_amp_roll_mean,-0.0025072798525819346,-0.8721151878365113,-0.3516053094822826,0.12362629365613172,0.006800382492950565,0.0008920681674801895,58
PO,A_P200,peak_amp_roll_mean,Peak amplitude,A_P200_peak_amp_roll_mean,-0.0006257381962112017,0.9966713063871627,-0.09856077887449292,0.009714227132346692,0.4616871652953166,0.0008442572434754693,58
PO,A_N200,peak_amp_roll_mean,Peak amplitude,A_N200_peak_amp_roll_mean,0.0010017496806671825,-0.6840227600173296,0.19551041733444607,0.038224323286289275,0.14134911078621404,0.0006714786230637918,58
PO,A_P300,peak_amp_roll_mean,Peak amplitude,A_P300_peak_amp_roll_mean,0.0013534403515779992,1.0348512310243954,0.2675564513693875,0.07158645466937942,0.04230832544864647,0.0006513289976925498,58
PO,T_P50,peak_amp_roll_mean,Peak amplitude,T_P50_peak_amp_roll_mean,0.0007481211604202486,0.41714545041999557,0.1457478717364932,0.021242442115717273,0.2749818298139756,0.0006785990821634659,58
PO,T_N100,peak_amp_roll_mean,Peak amplitude,T_N100_peak_amp_roll_mean,0.0004674018565563738,-0.722155522679338,0.07120518960751714,0.0050701790270424665,0.5953129348134558,0.0008749454891464274,58
PO,T_P200,peak_amp_roll_mean,Peak amplitude,T_P200_peak_amp_roll_mean,0.00047900440629201186,0.6460027688901655,0.06724797119469778,0.004522289629802901,0.6159735987397633,0.0009496904666723408,58
PO,T_N200,peak_amp_roll_mean,Peak amplitude,T_N200_peak_amp_roll_mean,0.00039674295025159833,-0.7072242014476229,0.04919592540409504,0.0024202390763652833,0.7138195244213827,0.0010763657881331476,58
PO,T_P300,peak_amp_roll_mean,Peak amplitude,T_P300_peak_amp_roll_mean,0.0025027676506375373,0.898797632892393,0.3584600165100553,0.12849358343638914,0.00572741213903584,0.0008710058931892455,58
PO,A_P50,peak_lat_ms_roll_mean,Peak latency,A_P50_peak_lat_ms_roll_mean,-0.03141014338153977,34.00238283372809,-0.3552687462173518,0.12621588203884915,0.0062069105956670785,0.011043862105755219,58
PO,A_N100,peak_lat_ms_roll_mean,Peak latency,A_N100_peak_lat_ms_roll_mean,-0.030466036694600216,96.8889072636845,-0.23151320707824227,0.05359836505165309,0.08035792298106778,0.017107396339603786,58
PO,A_P200,peak_lat_ms_roll_mean,Peak latency,A_P200_peak_lat_ms_roll_mean,0.03672718058662135,183.33227250072872,0.2349159784387525,0.05518551692583643,0.0758891396402936,0.02030739846100151,58
PO,A_N200,peak_lat_ms_roll_mean,Peak latency,A_N200_peak_lat_ms_roll_mean,0.010312219857797799,319.29321667241607,0.08165552465865678,0.006667624707280505,0.5422914512055745,0.01681976298984892,58
PO,A_P300,peak_lat_ms_roll_mean,Peak latency,A_P300_peak_lat_ms_roll_mean,0.04027902438006183,242.52886609056245,0.12983056674092652,0.016855976060270176,0.3313713677740482,0.04110707242494873,58
PO,T_P50,peak_lat_ms_roll_mean,Peak latency,T_P50_peak_lat_ms_roll_mean,0.0325788330227963,566.5759717730182,0.3452506225951126,0.11919799240231287,0.007948013509007337,0.011834398461307733,58
PO,T_N100,peak_lat_ms_roll_mean,Peak latency,T_N100_peak_lat_ms_roll_mean,-0.02887679043825197,620.9939207311089,-0.1388731429627203,0.01928574983634415,0.2985019487281673,0.027517430992553205,58
PO,T_P200,peak_lat_ms_roll_mean,Peak latency,T_P200_peak_lat_ms_roll_mean,0.04535288259002183,688.2230011922522,0.23761572910054238,0.05646123471598234,0.0724858815577419,0.024775108805396413,58
PO,T_N200,peak_lat_ms_roll_mean,Peak latency,T_N200_peak_lat_ms_roll_mean,0.0337146219764788,630.4684905137077,0.19149834138543365,0.036671614753372085,0.14986017842783655,0.023091196812205336,58
PO,T_P300,peak_lat_ms_roll_mean,Peak latency,T_P300_peak_lat_ms_roll_mean,-0.06339390309862952,889.3730601754604,-0.22718035875188794,0.05161091540263651,0.08634627490645248,0.036314157309840694,58
T,A_P50,mean_amp_roll_mean,Mean amplitude,A_P50_mean_amp_roll_mean,-0.0034941088108248436,0.05111454102923164,-0.44402175059167476,0.19715531499849542,0.00048047174365837295,0.0009422235078194822,58
T,A_N100,mean_amp_roll_mean,Mean amplitude,A_N100_mean_amp_roll_mean,-0.004006967301800985,0.6444451299067346,-0.43735178257727764,0.19127658172352233,0.0005971276825211454,0.0011010090621727054,58
T,A_P200,mean_amp_roll_mean,Mean amplitude,A_P200_mean_amp_roll_mean,-0.0009582653727567344,-0.6590102721751083,-0.12191328387931527,0.014862848786238513,0.3619480927330635,0.001042531294892204,58
T,A_N200,mean_amp_roll_mean,Mean amplitude,A_N200_mean_amp_roll_mean,-0.0026706540079907705,0.1976380029248654,-0.4016631248441685,0.16133326585958208,0.0017772441992167205,0.0008136850931803064,58
T,A_P300,mean_amp_roll_mean,Mean amplitude,A_P300_mean_amp_roll_mean,-0.0006792440548780772,-0.11807541471267177,-0.09979384285178292,0.009958811071126344,0.4560744737376542,0.0009050127907183023,58
T,T_P50,mean_amp_roll_mean,Mean amplitude,T_P50_mean_amp_roll_mean,-0.0028566059771753796,0.13528904914681336,-0.3069447407502702,0.09421507387425057,0.019097736793584084,0.0011836101344325743,58
T,T_N100,mean_amp_roll_mean,Mean amplitude,T_N100_mean_amp_roll_mean,-0.0036364034203480483,0.17735434359744076,-0.4174970926766072,0.17430382239341952,0.0011116037940861316,0.0010576323485761848,58
T,T_P200,mean_amp_roll_mean,Mean amplitude,T_P200_mean_amp_roll_mean,-0.0009125492620212647,0.03144907573333295,-0.10399147689066117,0.010814227265900917,0.4372503183578468,0.0011662817753834596,58
T,T_N200,mean_amp_roll_mean,Mean amplitude,T_N200_mean_amp_roll_mean,-0.0030352094252873328,0.15704393887058785,-0.3383591776798002,0.11448693312015062,0.009379881426939908,0.0011280131821705995,58
T,T_P300,mean_amp_roll_mean,Mean amplitude,T_P300_mean_amp_roll_mean,8.572047987299578e-06,-0.1482364173358774,0.0011513856889378388,1.3256890046908619e-06,0.9931559841156674,0.000994877170294928,58
T,A_P50,peak_amp_roll_mean,Peak amplitude,A_P50_peak_amp_roll_mean,-0.0032331929362987644,0.7538017304442416,-0.41028645996382485,0.16833497922964724,0.0013803260937523265,0.0009603391649691048,58
T,A_N100,peak_amp_roll_mean,Peak amplitude,A_N100_peak_amp_roll_mean,-0.003999944558458282,-0.39499884257168605,-0.37358080839757835,0.13956262040298814,0.003870204333226377,0.001327195911783687,58
T,A_P200,peak_amp_roll_mean,Peak amplitude,A_P200_peak_amp_roll_mean,-0.0002142972843969084,0.26126335032175824,-0.02539769022839275,0.0006450426689373965,0.8499024158015155,0.0011271671359045943,58
T,A_N200,peak_amp_roll_mean,Peak amplitude,A_N200_peak_amp_roll_mean,-0.004078694704429444,-0.6562334174254798,-0.5395055098337926,0.2910661951410205,1.2421945915967894e-05,0.0008506171684053012,58
T,A_P300,peak_amp_roll_mean,Peak amplitude,A_P300_peak_amp_roll_mean,-0.000547887100682725,1.1474922086895278,-0.08098212789604094,0.0065581050385707315,0.5456377736068587,0.0009011127059867093,58
T,T_P50,peak_amp_roll_mean,Peak amplitude,T_P50_peak_amp_roll_mean,-0.0034433655709899757,0.8279201491512849,-0.3780716462228772,0.14293816967767642,0.0034326200297874975,0.0011267331913375497,58
T,T_N100,peak_amp_roll_mean,Peak amplitude,T_N100_peak_amp_roll_mean,-0.0048984110487877,-0.6926034241216833,-0.4954561875407391,0.24547683377240404,7.675523797479576e-05,0.0011476045072314528,58
T,T_P200,peak_amp_roll_mean,Peak amplitude,T_P200_peak_amp_roll_mean,-0.000561431114656209,0.9429601943515343,-0.07240471769078846,0.005242443143882776,0.5891115323182483,0.0010334613116374566,58
T,T_N200,peak_amp_roll_mean,Peak amplitude,T_N200_peak_amp_roll_mean,-0.004115936043884666,-0.7238372112677134,-0.4336775753851944,0.18807623939198098,0.0006718187547576082,0.001142786926990807,58
T,T_P300,peak_amp_roll_mean,Peak amplitude,T_P300_peak_amp_roll_mean,0.0004844120827879119,1.0818141772246865,0.0589840179005436,0.0034791143676916477,0.6600722217747528,0.0010955439472159195,58
T,A_P50,peak_lat_ms_roll_mean,Peak latency,A_P50_peak_lat_ms_roll_mean,0.011157624482011613,32.720101422920976,0.16536949961933267,0.02734707140434847,0.2147672503060062,0.008892037066748579,58
T,A_N100,peak_lat_ms_roll_mean,Peak latency,A_N100_peak_lat_ms_roll_mean,0.0384558971489946,94.47850562033007,0.3350322901168365,0.11224663542093209,0.01014782074353345,0.01445201592955453,58
T,A_P200,peak_lat_ms_roll_mean,Peak latency,A_P200_peak_lat_ms_roll_mean,-0.02850987624855566,188.69948182389788,-0.31364423489429993,0.09837270608243079,0.016508104227760372,0.011533935929362379,58
T,A_N200,peak_lat_ms_roll_mean,Peak latency,A_N200_peak_lat_ms_roll_mean,-0.00405179119811524,318.2813081054752,-0.04702106470883784,0.0022109805263527153,0.7259632632664414,0.011502174302999588,58
T,A_P300,peak_lat_ms_roll_mean,Peak latency,A_P300_peak_lat_ms_roll_mean,0.018719775997928817,258.8976140272602,0.12862001300284212,0.016543107744851276,0.33593816948747957,0.01928749156450129,58
T,T_P50,peak_lat_ms_roll_mean,Peak latency,T_P50_peak_lat_ms_roll_mean,-0.02730399452569039,568.9343760253571,-0.47980168615892116,0.23020965804094387,0.0001383634731864834,0.006672009159213092,58
T,T_N100,peak_lat_ms_roll_mean,Peak latency,T_N100_peak_lat_ms_roll_mean,-0.006258282962666481,619.2625499415271,-0.0650373636212819,0.004229858666806843,0.6276468402086258,0.012831511087813633,58
T,T_P200,peak_lat_ms_roll_mean,Peak latency,T_P200_peak_lat_ms_roll_mean,-0.011399373012455737,690.1752350127582,-0.09639671347610917,0.009292326368995088,0.47162769332946664,0.015728868713558317,58
T,T_N200,peak_lat_ms_roll_mean,Peak latency,T_N200_peak_lat_ms_roll_mean,-0.059533794167256085,632.8735951463624,-0.520824645111244,0.2712583109552533,2.773491631761702e-05,0.01303961680338177,58
T,T_P300,peak_lat_ms_roll_mean,Peak latency,T_P300_peak_lat_ms_roll_mean,0.055986957000184856,885.186736635386,0.267977514014373,0.07181194801732346,0.04197255787608245,0.02689753509357658,58
